venue_id,place_id,name,category,search_category,area,city,source_city,level_entry_access,sloped_access,accessible_toilet,wheelchair_space,accessible_parking,notes,source_type,source_name,confidence_level_entry,confidence_sloped_access,confidence_toilet,confidence_space,confidence_parking,address,lat,lng,rating,user_ratings_total,business_status,google_types
1,ChIJHdd94hwbdkgRihDCyn0FD1Y,Tattu London,restaurant,restaurant,The Now Building Rooftop,london,london,yes,unknown,yes,yes,no,Imported from Google Places API (New),api,Google Places (New),medium,low,medium,medium,medium,"The Now Building Rooftop, Outernet, Denmark St, London WC2H 0LA, UK",51.515384999999995,-0.1295445,4.7,6939,OPERATIONAL,asian_restaurant|bar|restaurant|food|point_of_interest|establishment
2,ChIJSWN4ldUEdkgRGqo3OSnf1CY,Fallow,restaurant,restaurant,52 Haymarket,london,london,yes,unknown,yes,yes,no,Imported from Google Places API (New),api,Google Places (New),medium,low,medium,medium,medium,"52 Haymarket, London SW1Y 4RP, UK",51.509409999999995,-0.1327837,4.7,10593,OPERATIONAL,british_restaurant|restaurant|food|point_of_interest|establishment
3,ChIJIYBMe0gFdkgRvkjSUGze6lE,Riviera,restaurant,restaurant,23 St James's St,london,london,yes,unknown,yes,yes,unknown,Imported from Google Places API (New),api,Google Places (New),medium,low,medium,medium,low,"23 St James's St, London SW1A 1HA, UK",51.5066352,-0.1391577,4.8,4611,OPERATIONAL,french_restaurant|restaurant|food|point_of_interest|establishment
4,ChIJyeTsrLoFdkgRdsewS8ne0fQ,Blacklock Covent Garden,restaurant,restaurant,16a Bedford St,london,london,no,unknown,yes,no,no,Imported from Google Places API (New),api,Google Places (New),medium,low,medium,medium,medium,"16a Bedford St, London WC2E 9HE, UK",51.510698299999994,-0.12459160000000001,4.7,2469,OPERATIONAL,restaurant|food|point_of_interest|establishment
5,ChIJr_4cVy8FdkgRIrNbO93eUFM,The Wolseley Piccadilly,restaurant,restaurant,160 Piccadilly,london,london,yes,unknown,yes,yes,no,Imported from Google Places API (New),api,Google Places (New),medium,low,medium,medium,medium,"160 Piccadilly, London W1J 9EB, UK",51.5074427,-0.1409233,4.4,7616,OPERATIONAL,british_restaurant|restaurant|food|point_of_interest|establishment
6,ChIJL-HmB88EdkgRfH-wI_8ELLQ,Ekstedt at The Yard,restaurant,restaurant,3-5 Great Scotland Yard,london,london,yes,unknown,yes,yes,no,Imported from Google Places API (New),api,Google Places (New),medium,low,medium,medium,medium,"3-5 Great Scotland Yard, London SW1A 2HN, UK",51.5064253,-0.1261457,4.8,728,OPERATIONAL,scandinavian_restaurant|fine_dining_restaurant|restaurant|food|point_of_interest|establishment
7,ChIJ_aG9xo4FdkgRfibauonvBkY,Olea Social,restaurant,restaurant,10 Upper St Martin's Ln,london,london,yes,unknown,yes,yes,unknown,Imported from Google Places API (New),api,Google Places (New),medium,low,medium,medium,low,"10 Upper St Martin's Ln, London WC2H 9FB, UK",51.5127616,-0.1269379,4.6,1395,OPERATIONAL,mediterranean_restaurant|cocktail_bar|bar_and_grill|wine_bar|halal_restaurant|bar|restaurant|food|point_of_interest|establishment
8,ChIJxe02As0EdkgRZeOhNiEbtt8,Bill's Covent Garden Restaurant,cafe,restaurant,St Martin's Courtyard,london,london,yes,unknown,yes,yes,no,Imported from Google Places API (New),api,Google Places (New),medium,low,medium,medium,medium,"St Martin's Courtyard, Slingsby Pl, London WC2H 9EF, UK",51.512581399999995,-0.12657269999999998,4.6,8360,OPERATIONAL,british_restaurant|breakfast_restaurant|cafe|hamburger_restaurant|american_restaurant|restaurant|food|point_of_interest|establishment
9,ChIJ8SlAHNIEdkgRJV2dTJ8VrKI,The Stage at The Londoner,restaurant,restaurant,38 Leicester Square,london,london,yes,unknown,yes,unknown,unknown,Imported from Google Places API (New),api,Google Places (New),medium,low,medium,low,low,"38 Leicester Square, London WC2H 7DX, UK",51.5098298,-0.13021349999999998,4.8,227,OPERATIONAL,restaurant|european_restaurant|food|point_of_interest|establishment
10,ChIJ14izcNQEdkgR_KRFhObbsNk,Bill's Soho Restaurant,cafe,restaurant,36-44 Brewer St,london,london,yes,unknown,yes,yes,no,Imported from Google Places API (New),api,Google Places (New),medium,low,medium,medium,medium,"36-44 Brewer St, London W1F 9TB, UK",51.511861499999995,-0.1351843,4.6,11210,OPERATIONAL,british_restaurant|breakfast_restaurant|cafe|hamburger_restaurant|american_restaurant|bar|restaurant|food|point_of_interest|establishment
11,ChIJO1CCV9MEdkgRuX8baR_vkeA,L'ETO Soho,cafe,cafe,155 Wardour St,london,london,yes,unknown,unknown,yes,no,Imported from Google Places API (New),api,Google Places (New),medium,low,low,medium,medium,"155 Wardour St, London W1F 8WG, UK",51.5143761,-0.1348304,4.5,11087,OPERATIONAL,cafe|bakery|coffee_shop|dessert_shop|confectionery|food_store|restaurant|food|store|point_of_interest|establishment
12,ChIJnecH_wQFdkgRWqiFavbEBKE,Qima Café and Pâtisserie - Covent Garden,cafe,cafe,21-22 New Row,london,london,yes,unknown,yes,yes,no,Imported from Google Places API (New),api,Google Places (New),medium,low,medium,medium,medium,"21-22 New Row, London WC2N 4LE, UK",51.5112005,-0.1262055,4.3,699,OPERATIONAL,coffee_shop|brunch_restaurant|coffee_roastery|breakfast_restaurant|pastry_shop|bakery|cafe|dessert_shop|confectionery|food_store|restaurant|food|store|point_of_interest|establishment
13,ChIJNc-tXDMbdkgRK71JU82ZU38,Drury Covent Garden | Cafe & Brunch,cafe,cafe,188-189 Drury Ln,london,london,yes,unknown,unknown,yes,no,Imported from Google Places API (New),api,Google Places (New),medium,low,low,medium,medium,"188-189 Drury Ln, London WC2B 5QD, UK",51.516090500000004,-0.123997,4.8,3750,OPERATIONAL,brunch_restaurant|cafe|restaurant|food|point_of_interest|establishment
14,ChIJE_X5wtgFdkgR-S_jLo7iASU,Old Queen Street Cafe,cafe,cafe,6 Old Queen St,london,london,yes,unknown,yes,unknown,no,Imported from Google Places API (New),api,Google Places (New),medium,low,medium,low,medium,"6 Old Queen St, London SW1H 9HP, UK",51.500911599999995,-0.12998669999999998,4.5,726,OPERATIONAL,british_restaurant|brunch_restaurant|breakfast_restaurant|cafe|wedding_venue|event_venue|restaurant|food|bar|point_of_interest|service|establishment
15,ChIJ9TEki7obdkgRxH3iJZNZUek,Victoria House Coffee & Food,cafe,cafe,5 Coptic St,london,london,yes,unknown,unknown,yes,no,Imported from Google Places API (New),api,Google Places (New),medium,low,low,medium,medium,"5 Coptic St, London WC1A 1NH, UK",51.517424299999995,-0.12638939999999999,4.8,6630,OPERATIONAL,brunch_restaurant|british_restaurant|dog_cafe|coffee_shop|cafe|vegan_restaurant|vegetarian_restaurant|food_store|restaurant|food|store|point_of_interest|establishment
16,ChIJ_UZdjtsEdkgRcHnYGRr8sw0,St James's Café,cafe,cafe,Horse Guards Rd,london,london,yes,unknown,yes,yes,unknown,Imported from Google Places API (New),api,Google Places (New),medium,low,medium,medium,low,"Horse Guards Rd, London SW1A 2BJ, UK",51.503944999999995,-0.1316639,4.0,3747,OPERATIONAL,cafe|ice_cream_shop|fish_and_chips_restaurant|beer_garden|bar_and_grill|breakfast_restaurant|british_restaurant|dessert_shop|confectionery|european_restaurant|food_store|restaurant|food|bar|store|point_of_interest|establishment
17,ChIJcw5v_YMFdkgRK4VGbLvpCJ0,Calico Coffee,cafe,cafe,Unit C,london,london,yes,unknown,yes,unknown,unknown,Imported from Google Places API (New),api,Google Places (New),medium,low,medium,low,low,"Unit C, 101 Lower Marsh, London SE1 7AB, UK",51.501252099999995,-0.1120692,4.7,398,OPERATIONAL,coffee_shop|cafe|food_store|food|store|point_of_interest|establishment
18,ChIJ_wbD4zgFdkgRAgWyly1miiI,Ella Mia London,cafe,cafe,45 St Martin's Ln,london,london,yes,unknown,unknown,unknown,no,Imported from Google Places API (New),api,Google Places (New),medium,low,low,low,medium,"45 St Martin's Ln, London WC2N 4HX, UK",51.510497799999996,-0.12678599999999998,4.5,184,OPERATIONAL,coffee_shop|cafe|food_store|food|store|point_of_interest|establishment
19,ChIJF-5VrdQEdkgRqMC6KWJTV9s,Toi & Moi Cafe,cafe,cafe,38 Berwick St,london,london,unknown,unknown,unknown,unknown,no,Imported from Google Places API (New),api,Google Places (New),low,low,low,low,medium,"38 Berwick St, London W1F 8RT, UK",51.5147863,-0.1357492,4.5,3668,OPERATIONAL,cafe|cocktail_bar|brunch_restaurant|breakfast_restaurant|restaurant|food|bar|point_of_interest|establishment
20,ChIJ565hgN0EdkgRMhOboIZ7uJ8,Regency Cafe,cafe,cafe,17-19 Regency St,london,london,yes,unknown,unknown,no,no,Imported from Google Places API (New),api,Google Places (New),medium,low,low,medium,medium,"17-19 Regency St, London SW1P 4BY, UK",51.4937725,-0.132194,4.7,4706,OPERATIONAL,cafe|breakfast_restaurant|hamburger_restaurant|meal_takeaway|american_restaurant|restaurant|food|point_of_interest|establishment
21,ChIJB9OTMDIbdkgRp0JWbQGZsS8,The British Museum,museum,museum,Great Russell St,london,london,yes,unknown,yes,yes,yes,Imported from Google Places API (New),api,Google Places (New),medium,low,medium,medium,medium,"Great Russell St, London WC1B 3DG, UK",51.5194133,-0.1269566,4.7,171092,OPERATIONAL,museum|tourist_attraction|point_of_interest|establishment
22,ChIJPy8Y5kIFdkgRxGSXw4Xjt3s,Natural History Museum,museum,museum,Cromwell Rd,london,london,yes,unknown,yes,yes,yes,Imported from Google Places API (New),api,Google Places (New),medium,low,medium,medium,medium,"Cromwell Rd, South Kensington, London SW7 5BD, UK",51.496714999999995,-0.17636720000000003,4.6,33607,OPERATIONAL,research_institute|tourist_attraction|library|event_venue|museum|point_of_interest|service|establishment
23,ChIJeclqF84EdkgRtKAjTmWFr0I,The National Gallery,museum,museum,Trafalgar Square,london,london,yes,unknown,yes,yes,yes,Imported from Google Places API (New),api,Google Places (New),medium,low,medium,medium,medium,"Trafalgar Square, London WC2N 5DN, UK",51.508928999999995,-0.128299,4.8,60445,OPERATIONAL,art_museum|tourist_attraction|art_gallery|museum|point_of_interest|establishment
24,ChIJw1d-sUMFdkgRH2XN_U0Jt54,Victoria and Albert Museum,museum,museum,Cromwell Rd,london,london,yes,unknown,yes,yes,yes,Imported from Google Places API (New),api,Google Places (New),medium,low,medium,medium,medium,"Cromwell Rd, London SW7 2RL, UK",51.4966392,-0.17218,4.7,66227,OPERATIONAL,art_museum|tourist_attraction|art_gallery|museum|point_of_interest|establishment
25,ChIJw_IUPgAFdkgRjnsnggC_0pY,Moco Museum London,museum,museum,1-4 Marble Arch,london,london,yes,unknown,yes,yes,unknown,Imported from Google Places API (New),api,Google Places (New),medium,low,medium,medium,low,"1-4 Marble Arch, London W1H 7EJ, UK",51.5134632,-0.15936550000000002,4.6,2773,OPERATIONAL,cultural_center|gift_shop|tourist_attraction|art_museum|art_gallery|event_venue|museum|store|point_of_interest|establishment
26,ChIJQzfybmYFdkgR1tFou0zyzYQ,Paradox Museum London,museum,museum,90 Brompton Rd,london,london,yes,unknown,yes,yes,no,Imported from Google Places API (New),api,Google Places (New),medium,low,medium,medium,medium,"90 Brompton Rd, London SW3 1JJ, UK",51.4997064,-0.1639623,4.3,4248,OPERATIONAL,museum|point_of_interest|establishment
27,ChIJqZLwP-UbdkgR3fNcCBoNLjk,Twist Museum,museum,museum,248 Oxford St,london,london,yes,unknown,yes,yes,no,Imported from Google Places API (New),api,Google Places (New),medium,low,medium,medium,medium,"248 Oxford St, London W1C 1DH, UK",51.515274899999994,-0.1431529,4.6,4693,OPERATIONAL,museum|tourist_attraction|point_of_interest|establishment
28,ChIJP9oAE0MFdkgR3iKGFKZO1SE,Science Museum,museum,museum,Exhibition Rd,london,london,yes,unknown,yes,yes,yes,Imported from Google Places API (New),api,Google Places (New),medium,low,medium,medium,medium,"Exhibition Rd, South Kensington, London SW7 2DD, UK",51.4972216,-0.1767283,4.6,74494,OPERATIONAL,museum|gift_shop|tourist_attraction|store|point_of_interest|establishment
29,ChIJgZ24Us4adkgRpDNAwNPO_SY,Madame Tussauds London,museum,museum,Marylebone Rd,london,london,yes,unknown,yes,yes,no,Imported from Google Places API (New),api,Google Places (New),medium,low,medium,medium,medium,"Marylebone Rd, London NW1 5LR, UK",51.5230174,-0.1543613,4.5,83725,OPERATIONAL,tourist_attraction|museum|point_of_interest|establishment
30,ChIJSzwgydoDdkgRndnXVYQGXBI,Horniman Museum and Gardens,museum,museum,100 London Rd,london,london,yes,unknown,yes,yes,yes,Imported from Google Places API (New),api,Google Places (New),medium,low,medium,medium,medium,"100 London Rd, London SE23 3PQ, UK",51.4419283,-0.0619967,4.6,9436,OPERATIONAL,museum|tourist_attraction|aquarium|park|point_of_interest|establishment
31,ChIJhb0vAHy9cEgR_UAtp7TrdxQ,La Bellezza Birmingham,restaurant,restaurant,Paradise,birmingham,birmingham,yes,unknown,yes,yes,unknown,Imported from Google Places API (New),api,Google Places (New),medium,low,medium,medium,low,"Paradise, 2 Chamberlain Sq, Birmingham B3 3AX, UK",52.4798262,-1.9048386000000002,4.9,6209,OPERATIONAL,italian_restaurant|pizza_restaurant|family_restaurant|mediterranean_restaurant|european_restaurant|restaurant|food|point_of_interest|establishment
32,ChIJATY2po68cEgRnb7Z4Ox1YV0,The Ivy Temple Row,restaurant,restaurant,67-71 Temple Row,birmingham,birmingham,yes,unknown,yes,yes,unknown,Imported from Google Places API (New),api,Google Places (New),medium,low,medium,medium,low,"67-71 Temple Row, Birmingham B2 5LS, UK",52.480536,-1.8988457999999997,4.5,3541,OPERATIONAL,british_restaurant|breakfast_restaurant|restaurant|food|point_of_interest|establishment
33,ChIJnVvJX269cEgR5S2MAg8CfE4,Pasture Birmingham,restaurant,restaurant,15 Colmore Row,birmingham,birmingham,yes,unknown,yes,yes,unknown,Imported from Google Places API (New),api,Google Places (New),medium,low,medium,medium,low,"15 Colmore Row, Birmingham B3 2BH, UK",52.482231999999996,-1.8984121999999999,4.8,1079,OPERATIONAL,restaurant|food|point_of_interest|establishment
34,ChIJ1xmAHeS9cEgROU5_9XBtwGE,Fat Hippo Birmingham,restaurant,restaurant,11 Bennetts Hill,birmingham,birmingham,yes,unknown,yes,yes,no,Imported from Google Places API (New),api,Google Places (New),medium,low,medium,medium,medium,"11 Bennetts Hill, Birmingham B2 5RS, UK",52.4797673,-1.9005131000000002,4.7,4023,OPERATIONAL,restaurant|food|point_of_interest|establishment
35,ChIJC-lzZm69cEgR5m5syFmhotc,Dishoom Birmingham,cafe,restaurant,One Chamberlain Sq,birmingham,birmingham,yes,unknown,yes,yes,no,Imported from Google Places API (New),api,Google Places (New),medium,low,medium,medium,medium,"One Chamberlain Sq, Birmingham B3 3AX, UK",52.480196199999995,-1.9047858000000002,4.8,10403,OPERATIONAL,indian_restaurant|vegan_restaurant|cafe|vegetarian_restaurant|halal_restaurant|bar|restaurant|food|point_of_interest|establishment
36,ChIJtcC9meK9cEgR1QxudyFLE_w,Tattu Birmingham,restaurant,restaurant,18 Barwick St,birmingham,birmingham,yes,unknown,yes,yes,unknown,Imported from Google Places API (New),api,Google Places (New),medium,low,medium,medium,low,"18 Barwick St, Birmingham B3 2NT, UK",52.4821853,-1.8992208999999998,4.6,4068,OPERATIONAL,chinese_restaurant|restaurant|food|point_of_interest|establishment
37,ChIJq6qqgYi8cEgRjldj7WhSFVs,Browns Birmingham,restaurant,restaurant,Unit 1,birmingham,birmingham,yes,unknown,no,yes,no,Imported from Google Places API (New),api,Google Places (New),medium,low,medium,medium,medium,"Unit 1, St Martins Square, 7 Spiceal St, Birmingham B5 4BH, UK",52.47708180000001,-1.8940266000000001,4.4,2042,OPERATIONAL,restaurant|food|point_of_interest|establishment
38,ChIJIWCQsYu8cEgRNI3cYp9-9n8,Turtle Bay Birmingham,restaurant,restaurant,81-91 John Bright St,birmingham,birmingham,yes,unknown,yes,yes,no,Imported from Google Places API (New),api,Google Places (New),medium,low,medium,medium,medium,"81-91 John Bright St, Birmingham B1 1BL, UK",52.4769657,-1.9014864999999999,4.8,18251,OPERATIONAL,caribbean_restaurant|cocktail_bar|bar|restaurant|food|point_of_interest|establishment
39,ChIJBWZJXI68cEgRNTFLibxXciE,Gaucho Birmingham,restaurant,restaurant,55 Colmore Row,birmingham,birmingham,yes,unknown,yes,yes,unknown,Imported from Google Places API (New),api,Google Places (New),medium,low,medium,medium,low,"55 Colmore Row, Birmingham B3 2AA, UK",52.4818432,-1.8999129,4.4,1900,OPERATIONAL,steak_house|argentinian_restaurant|south_american_restaurant|restaurant|food|point_of_interest|establishment
40,ChIJ0WhqV4m8cEgR2SfFsYLY6Ws,Grand Central Kitchen,cafe,restaurant,7 Stephenson St,birmingham,birmingham,yes,unknown,unknown,yes,no,Imported from Google Places API (New),api,Google Places (New),medium,low,low,medium,medium,"7 Stephenson St, Birmingham B2 4BL, UK",52.4786996,-1.8990637,4.8,2211,OPERATIONAL,breakfast_restaurant|brunch_restaurant|cafe|restaurant|food|point_of_interest|establishment
41,ChIJLUVqBSm9cEgRAgLd6lUnmew,Coffee Joint,cafe,cafe,110 Digbeth,birmingham,birmingham,unknown,unknown,yes,yes,unknown,Imported from Google Places API (New),api,Google Places (New),low,low,medium,medium,low,"110 Digbeth, Birmingham B5 6DT, UK",52.4761346,-1.8901007,4.9,282,OPERATIONAL,cafe|restaurant|food|point_of_interest|establishment
42,ChIJIVoww-O9cEgRkhz289i3ZT8,Elio Café,cafe,cafe,65 Wharfside St,birmingham,birmingham,yes,unknown,yes,yes,yes,Imported from Google Places API (New),api,Google Places (New),medium,low,medium,medium,medium,"65 Wharfside St, Birmingham B1 1RE, UK",52.4760821,-1.90522,4.7,365,OPERATIONAL,cafe|food|point_of_interest|establishment
43,ChIJfTgKCAC9cEgRvwcyLSp7z5k,Rising Cafe,cafe,cafe,58 Chester St,birmingham,birmingham,yes,unknown,yes,yes,yes,Imported from Google Places API (New),api,Google Places (New),medium,low,medium,medium,medium,"58 Chester St, Birmingham B6 4BE, UK",52.492878,-1.8861219999999999,4.8,357,OPERATIONAL,coffee_shop|cafe|food_store|food|point_of_interest|store|establishment
44,ChIJyQbb26m9cEgRaP1wsA51Rw0,The Coffee Bar Collective,cafe,cafe,12 Temple Row,birmingham,birmingham,yes,unknown,unknown,unknown,unknown,Imported from Google Places API (New),api,Google Places (New),medium,low,low,low,low,"12 Temple Row, Birmingham B2 5HG, UK",52.4815367,-1.8966063999999998,4.9,1235,OPERATIONAL,coffee_shop|cafe|food_store|food|point_of_interest|store|establishment
45,ChIJ8VmcnDi9cEgRYryW2Jiq7Q4,morridge oats + coffee,cafe,cafe,14 Temple Row,birmingham,birmingham,unknown,unknown,unknown,yes,unknown,Imported from Google Places API (New),api,Google Places (New),low,low,low,medium,low,"14 Temple Row, Birmingham B2 5HG, UK",52.4815051,-1.8966855000000002,4.8,436,OPERATIONAL,coffee_shop|brunch_restaurant|breakfast_restaurant|cafe|bar|food_store|restaurant|food|point_of_interest|store|establishment
46,ChIJY1HUtou8cEgR3b2aSqAF1Vg,Cherry Red's Cafe Bar,cafe,cafe,88-92 John Bright St,birmingham,birmingham,yes,unknown,yes,yes,no,Imported from Google Places API (New),api,Google Places (New),medium,low,medium,medium,medium,"88-92 John Bright St, Birmingham B1 1BN, UK",52.4770305,-1.9011426,4.5,2563,OPERATIONAL,cafe|breakfast_restaurant|pub|wedding_venue|liquor_store|event_venue|bar|restaurant|food|service|point_of_interest|store|establishment
47,ChIJQ_Rz3la9cEgRZJMqLiph59w,Besa Coffee - Jewellery Quarter,cafe,cafe,Unit A,birmingham,birmingham,yes,unknown,yes,yes,unknown,Imported from Google Places API (New),api,Google Places (New),medium,low,medium,medium,low,"Unit A, 48 Ludgate Hill, Birmingham B3 1ER, UK",52.4840113,-1.9037825000000002,5.0,80,OPERATIONAL,coffee_shop|tea_store|breakfast_restaurant|cafe|food_store|restaurant|food|point_of_interest|store|establishment
48,ChIJv_fOp5K8cEgRd6jcJb25nes,Saint Kitchen - JQ,cafe,cafe,Unit 2,birmingham,birmingham,yes,unknown,yes,yes,unknown,Imported from Google Places API (New),api,Google Places (New),medium,low,medium,medium,low,"Unit 2, 61 St Paul's Square, Birmingham B3 1QS, UK",52.484611,-1.905258,4.6,801,OPERATIONAL,coffee_shop|breakfast_restaurant|cafe|food_store|restaurant|food|point_of_interest|store|establishment
49,ChIJeZLW-4u8cEgRY6PlNx07xfI,Faculty Coffee,cafe,cafe,14 Piccadilly Arcade,birmingham,birmingham,yes,unknown,unknown,yes,no,Imported from Google Places API (New),api,Google Places (New),medium,low,low,medium,medium,"14 Piccadilly Arcade, Birmingham B2 4HD, UK",52.4788139,-1.9000194000000001,4.6,1064,OPERATIONAL,coffee_shop|cafe|food_store|food|point_of_interest|store|establishment
50,ChIJX8-6IYy8cEgRSVh39MfscCY,Damascena Coffee House Birmingham City Centre,cafe,cafe,Portman House,birmingham,birmingham,yes,unknown,yes,yes,unknown,Imported from Google Places API (New),api,Google Places (New),medium,low,medium,medium,low,"Portman House, 5-7 Temple Row W, Birmingham B2 5NY, UK",52.480763499999995,-1.8997548,4.5,3170,OPERATIONAL,coffee_shop|sandwich_shop|halal_restaurant|breakfast_restaurant|deli|cafe|tea_house|food_store|middle_eastern_restaurant|restaurant|food|point_of_interest|store|establishment
51,ChIJ3wS0u4O8cEgRl9LqOSFXQHs,Thinktank Birmingham Science Museum,museum,museum,Millennium Point,birmingham,birmingham,yes,unknown,yes,yes,yes,Imported from Google Places API (New),api,Google Places (New),medium,low,medium,medium,medium,"Millennium Point, Curzon St, Birmingham B4 7XG, UK",52.482530999999994,-1.8867729999999998,4.4,5324,OPERATIONAL,tourist_attraction|museum|point_of_interest|establishment
52,ChIJo0dMkYy8cEgRRJR-gJ-142Y,Birmingham Museum & Art Gallery,museum,museum,Chamberlain Sq,birmingham,birmingham,yes,unknown,yes,yes,unknown,Imported from Google Places API (New),api,Google Places (New),medium,low,medium,medium,low,"Chamberlain Sq, Birmingham B3 3DH, UK",52.480111,-1.903462,4.5,10188,OPERATIONAL,museum|tourist_attraction|art_museum|art_gallery|point_of_interest|establishment
53,ChIJMweNhqy9cEgR3FX_XKAi464,Lapworth Museum of Geology,museum,museum,Aston Webb Building,birmingham,birmingham,yes,unknown,yes,yes,yes,Imported from Google Places API (New),api,Google Places (New),medium,low,medium,medium,medium,"Aston Webb Building, University of Birmingham, Birmingham B15 2TT, UK",52.449203,-1.9322309999999998,4.7,1381,OPERATIONAL,tourist_attraction|museum|point_of_interest|establishment
54,ChIJHxQRd6i8cEgRyJzQLl3B10g,Aston Hall,museum,museum,Trinity Rd,birmingham,birmingham,yes,unknown,yes,unknown,yes,Imported from Google Places API (New),api,Google Places (New),medium,low,medium,low,medium,"Trinity Rd, Birmingham B6 6JD, UK",52.506495,-1.8845163999999999,4.6,1304,OPERATIONAL,tourist_attraction|museum|point_of_interest|establishment
55,ChIJq6p_owfHJIgRC0rlSaA7flc,Selly Manor Museum,museum,museum,Maple Rd,birmingham,birmingham,yes,unknown,yes,unknown,no,Imported from Google Places API (New),api,Google Places (New),medium,low,medium,low,medium,"Maple Rd, Bournville, Birmingham B30 2AE, UK",52.430744399999995,-1.9342376,4.6,393,OPERATIONAL,museum|tourist_attraction|point_of_interest|establishment
56,ChIJv-uPaUq8cEgRI2jn0I1579k,Winterbourne House & Garden,museum,museum,58 Edgbaston Park Rd,birmingham,birmingham,yes,unknown,yes,yes,yes,Imported from Google Places API (New),api,Google Places (New),medium,low,medium,medium,medium,"58 Edgbaston Park Rd, Birmingham B15 2RT, UK",52.452688699999996,-1.9235633,4.8,2183,OPERATIONAL,botanical_garden|tourist_attraction|garden|museum|point_of_interest|establishment
57,ChIJteBbIl-6cEgRXhZ6W9nTXCE,Blakesley Hall Museum,museum,museum,Blakesley Hall,birmingham,birmingham,yes,unknown,yes,unknown,yes,Imported from Google Places API (New),api,Google Places (New),medium,low,medium,low,medium,"Blakesley Hall, Blakesley Rd, Birmingham B25 8RN, UK",52.4734414,-1.8093949,4.5,516,OPERATIONAL,museum|tourist_attraction|point_of_interest|establishment
58,ChIJMToL32S7cEgRgh0YZipQiHI,"Museum Collection Centre, Birmingham Museums Trust",museum,museum,25 Dollman St,birmingham,birmingham,yes,unknown,yes,unknown,yes,Imported from Google Places API (New),api,Google Places (New),medium,low,medium,low,medium,"25 Dollman St, Birmingham B7 4RQ, UK",52.485614,-1.8710255000000002,4.7,128,OPERATIONAL,museum|tourist_attraction|point_of_interest|establishment
59,ChIJB9b5-e28cEgRGyFE1Gwoqws,Pen Museum,museum,museum,The Argent Centre,birmingham,birmingham,yes,unknown,yes,yes,yes,Imported from Google Places API (New),api,Google Places (New),medium,low,medium,medium,medium,"The Argent Centre, 60 Frederick St, Birmingham B1 3HS, UK",52.484519299999995,-1.9115684,4.7,574,OPERATIONAL,museum|gift_shop|tourist_attraction|store|point_of_interest|establishment
60,ChIJ4TKseGK8cEgREn_MweEXxyA,National Trust - Birmingham Back to Backs,museum,museum,50-54,birmingham,birmingham,no,unknown,yes,unknown,no,Imported from Google Places API (New),api,Google Places (New),medium,low,medium,low,medium,"50-54, 55-63 Inge St, Hurst St, Birmingham B5 4TE, UK",52.474335100000005,-1.8972246,4.8,1667,OPERATIONAL,museum|tourist_attraction|point_of_interest|establishment
61,ChIJU8SQK1Wwe0gRpC_zEcpssh8,The Refuge,restaurant,restaurant,Oxford St,manchester,manchester,yes,unknown,yes,yes,no,Imported from Google Places API (New),api,Google Places (New),medium,low,medium,medium,medium,"Oxford St, Manchester M60 7HA, UK",53.4746208,-2.2408881,4.5,3885,OPERATIONAL,bar|restaurant|food|point_of_interest|establishment
62,ChIJUdkHWACxe0gRoaisCw1A8IQ,Blacklock Manchester,restaurant,restaurant,37 Peter St,manchester,manchester,no,unknown,yes,unknown,no,Imported from Google Places API (New),api,Google Places (New),medium,low,medium,low,medium,"37 Peter St, Manchester M2 5GB, UK",53.4782174,-2.246896,4.7,1004,OPERATIONAL,steak_house|restaurant|food|point_of_interest|establishment
63,ChIJL6CdBMGxe0gRxs6hxdycBGY,Grand Pacific,restaurant,restaurant,50 Spring Gardens,manchester,manchester,no,unknown,yes,unknown,no,Imported from Google Places API (New),api,Google Places (New),medium,low,medium,low,medium,"50 Spring Gardens, Manchester M2 1EN, UK",53.4809607,-2.2421455,4.4,1769,OPERATIONAL,restaurant|cocktail_bar|bar|food|point_of_interest|establishment
64,ChIJc5lW0Kaxe0gR6lN5nK6uzB4,Circolo Popolare Manchester,restaurant,restaurant,No 1,manchester,manchester,yes,unknown,yes,yes,unknown,Imported from Google Places API (New),api,Google Places (New),medium,low,medium,medium,low,"No 1, St Michael's, 36 Jackson's Row, Manchester M2 5WD, UK",53.4788146,-2.2472661,4.9,6422,OPERATIONAL,italian_restaurant|pizza_restaurant|european_restaurant|restaurant|food|point_of_interest|establishment
65,ChIJBWan-8Cxe0gRFG7OMp2gYdo,Browns Manchester,restaurant,restaurant,1 York St,manchester,manchester,yes,unknown,no,yes,unknown,Imported from Google Places API (New),api,Google Places (New),medium,low,medium,medium,low,"1 York St, Greater, Manchester M2 2AW, UK",53.4811402,-2.2415251,4.5,4461,OPERATIONAL,restaurant|food|point_of_interest|establishment
66,ChIJp2tNL92xe0gRDQ2fkgq5nqQ,Tattu Manchester,restaurant,restaurant,3 Hardman Square,manchester,manchester,yes,unknown,yes,yes,no,Imported from Google Places API (New),api,Google Places (New),medium,low,medium,medium,medium,"3 Hardman Square, Gartside St, Manchester M3 3EB, UK",53.479687299999995,-2.2532964000000004,4.6,5256,OPERATIONAL,chinese_restaurant|restaurant|food|point_of_interest|establishment
67,ChIJI2pUm3qxe0gRVXuEo9FSyGc,Vincenzo Trattoria,restaurant,restaurant,34 St Ann St,manchester,manchester,unknown,unknown,unknown,unknown,no,Imported from Google Places API (New),api,Google Places (New),low,low,low,low,medium,"34 St Ann St, Manchester M2 7LE, UK",53.4816866,-2.2450578,4.5,1542,OPERATIONAL,italian_restaurant|restaurant|food|point_of_interest|establishment
68,ChIJJzE9brCxe0gRvXhynbOKg2g,Dishoom Manchester,cafe,restaurant,32 Bridge St,manchester,manchester,yes,unknown,yes,yes,no,Imported from Google Places API (New),api,Google Places (New),medium,low,medium,medium,medium,"32 Bridge St, Manchester M3 3BT, UK",53.481054699999994,-2.2502234,4.8,10134,OPERATIONAL,indian_restaurant|halal_restaurant|cafe|meal_takeaway|vegetarian_restaurant|bar|restaurant|food|point_of_interest|establishment
69,ChIJhw-Wg12xe0gR8aKNKqkKK7M,Manchester Sora Restaurant,restaurant,restaurant,Malmaison,manchester,manchester,yes,unknown,yes,yes,unknown,Imported from Google Places API (New),api,Google Places (New),medium,low,medium,medium,low,"Malmaison, 23 Deansgate, Princess St, Manchester M2 4EB, UK",53.479940899999995,-2.2441535999999997,4.5,184,OPERATIONAL,japanese_restaurant|sushi_restaurant|cocktail_bar|asian_fusion_restaurant|asian_restaurant|fusion_restaurant|live_music_venue|event_venue|bar|restaurant|food|point_of_interest|establishment
70,ChIJe36vmsOxe0gRszsvSJ4oZhE,Gaucho Manchester,restaurant,restaurant,2A St Mary's St,manchester,manchester,yes,unknown,yes,yes,no,Imported from Google Places API (New),api,Google Places (New),medium,low,medium,medium,medium,"2A St Mary's St, Manchester M3 2LB, UK",53.4822071,-2.2475528,4.5,2567,OPERATIONAL,steak_house|argentinian_restaurant|south_american_restaurant|bar|restaurant|food|point_of_interest|establishment
71,ChIJrYHur_Wxe0gR-fuWPQjNX4M,Fiori Cafe,cafe,cafe,1 Nobel Wy.,manchester,manchester,unknown,unknown,unknown,unknown,unknown,Imported from Google Places API (New),api,Google Places (New),low,low,low,low,low,"1 Nobel Wy., Manchester M1 7FT, UK",53.4728382,-2.2375382999999998,4.8,968,OPERATIONAL,coffee_shop|cafe|food_store|food|store|point_of_interest|establishment
72,ChIJ2cx6lAaxe0gRn78em7r8hIU,Bruncho,cafe,cafe,270 Deansgate,manchester,manchester,unknown,unknown,unknown,yes,unknown,Imported from Google Places API (New),api,Google Places (New),low,low,low,medium,low,"270 Deansgate, Manchester M3 4JB, UK",53.477363399999994,-2.2503238999999997,4.9,4081,OPERATIONAL,cafe|coffee_shop|food_store|food|store|point_of_interest|establishment
73,ChIJzQLuvL6xe0gRjpAUyXLzWX8,Ezra & Gil,cafe,cafe,20 Hilton St,manchester,manchester,no,unknown,unknown,unknown,no,Imported from Google Places API (New),api,Google Places (New),medium,low,low,low,medium,"20 Hilton St, Manchester M1 1FR, UK",53.4820376,-2.2329049,4.5,3001,OPERATIONAL,cafe|breakfast_restaurant|coffee_shop|brunch_restaurant|restaurant|food_store|food|store|point_of_interest|establishment
74,ChIJfyUr98Cxe0gRO4YqOgxB7lg,Moose Coffee,cafe,cafe,20 York St,manchester,manchester,yes,unknown,yes,yes,no,Imported from Google Places API (New),api,Google Places (New),medium,low,medium,medium,medium,"20 York St, Manchester M2 3BB, UK",53.4804587,-2.2406053,4.6,5722,OPERATIONAL,breakfast_restaurant|cafe|restaurant|food_store|food|store|point_of_interest|establishment
75,ChIJw-iNKL-xe0gRnuFSuKnV7Xo,Fig + Sparrow,cafe,cafe,20 Oldham St,manchester,manchester,yes,unknown,unknown,yes,no,Imported from Google Places API (New),api,Google Places (New),medium,low,low,medium,medium,"20 Oldham St, Manchester M1 1JA, UK",53.482562099999996,-2.2355206,4.4,1028,OPERATIONAL,coffee_shop|cafe|food_store|food|store|point_of_interest|establishment
76,ChIJqfSbSQCxe0gRmPF-qPcBONg,Nùr Cafe Manchester,cafe,cafe,45 Deansgate,manchester,manchester,yes,unknown,yes,yes,unknown,Imported from Google Places API (New),api,Google Places (New),medium,low,medium,medium,low,"45 Deansgate, Manchester M3 2AY, UK",53.483109,-2.2462863,4.6,3877,OPERATIONAL,cafe|breakfast_restaurant|coffee_shop|brunch_restaurant|restaurant|food_store|food|store|point_of_interest|establishment
77,ChIJhcrI9sOxe0gRcOCKdjUec08,POT KETTLE BLACK Barton Arcade,cafe,cafe,Manchester M3 2BW,manchester,manchester,yes,unknown,yes,yes,unknown,Imported from Google Places API (New),api,Google Places (New),medium,low,medium,medium,low,"Manchester M3 2BW, UK",53.482750100000004,-2.2463010999999997,4.4,1832,OPERATIONAL,cafe|breakfast_restaurant|pastry_shop|brunch_restaurant|dessert_shop|bakery|restaurant|confectionery|food_store|food|store|point_of_interest|establishment
78,ChIJOTaknzmxe0gRg7ore3_48_E,The Brewentists cafe,cafe,cafe,7 Cooper St,manchester,manchester,unknown,unknown,unknown,yes,no,Imported from Google Places API (New),api,Google Places (New),low,low,low,medium,medium,"7 Cooper St, Manchester M2 2FW, UK",53.4792687,-2.2425026999999997,4.8,240,OPERATIONAL,coffee_shop|cafe|food_store|food|store|point_of_interest|establishment
79,ChIJ4X_SQzKxe0gREQiiH0mVcQ0,OFF THE PRESS,cafe,cafe,OFF THE PRESS,manchester,manchester,yes,unknown,unknown,unknown,unknown,Imported from Google Places API (New),api,Google Places (New),medium,low,low,low,low,"OFF THE PRESS, 3 George Leigh St, Ancoats, Manchester M4 5DL, UK",53.4846408,-2.231028,4.8,167,OPERATIONAL,cafe|food|point_of_interest|establishment
80,ChIJiUJQa6Oxe0gRgqbjvsRwA5Q,Coffee Lab Manchester Piccadilly.,cafe,cafe,23-24 Mosley St,manchester,manchester,yes,unknown,unknown,yes,unknown,Imported from Google Places API (New),api,Google Places (New),medium,low,low,medium,low,"23-24 Mosley St, Manchester M2 3AG, UK",53.480537399999996,-2.2398390999999997,4.6,584,OPERATIONAL,coffee_shop|cafe|food_store|food|store|point_of_interest|establishment
81,ChIJO2PUe42xe0gRKzSAz2D0FiE,Manchester Museum,museum,museum,Oxford Rd,manchester,manchester,yes,unknown,yes,yes,yes,Imported from Google Places API (New),api,Google Places (New),medium,low,medium,medium,medium,"Oxford Rd, Manchester M13 9PL, UK",53.4664686,-2.2342519,4.7,10268,OPERATIONAL,museum|tourist_attraction|point_of_interest|establishment
82,ChIJr0F7lPyxe0gRPBwfWaDj5BE,Museum of Illusions - Manchester,museum,museum,58-66 Market St,manchester,manchester,yes,unknown,yes,unknown,unknown,Imported from Google Places API (New),api,Google Places (New),medium,low,medium,low,low,"58-66 Market St, Manchester M1 1PW, UK",53.482506199999996,-2.2419314,4.7,1709,OPERATIONAL,museum|tourist_attraction|art_museum|point_of_interest|establishment
83,ChIJmT6uoI-xe0gR5oSC_YxGtg0,The Mystery of Banksy – Manchester,museum,museum,Depot Mayfield,manchester,manchester,yes,unknown,unknown,unknown,unknown,Imported from Google Places API (New),api,Google Places (New),medium,low,low,low,low,"Depot Mayfield, 11 Baring St, Manchester M1 2PY, UK",53.4751522,-2.2275849,4.7,15,OPERATIONAL,art_museum|museum|point_of_interest|establishment
84,ChIJ20Rcgeexe0gR9j7ZK6QycUE,Science and Industry Museum,museum,museum,Liverpool Rd,manchester,manchester,yes,unknown,yes,yes,yes,Imported from Google Places API (New),api,Google Places (New),medium,low,medium,medium,medium,"Liverpool Rd, Manchester M3 4JP, UK",53.477135800000006,-2.2545821,4.4,20129,OPERATIONAL,tourist_attraction|museum|point_of_interest|establishment
85,ChIJF9qzFsOxe0gRn9O0z0RiO2o,People's History Museum,museum,museum,Leftbank,manchester,manchester,yes,unknown,yes,yes,yes,Imported from Google Places API (New),api,Google Places (New),medium,low,medium,medium,medium,"Leftbank, Manchester M3 3ER, UK",53.4814144,-2.2528607,4.5,3667,OPERATIONAL,museum|tourist_attraction|point_of_interest|establishment
86,ChIJa_WPd8Gxe0gRnBn5BUoJfvg,Manchester Art Gallery,museum,museum,Mosley St,manchester,manchester,yes,unknown,yes,yes,no,Imported from Google Places API (New),api,Google Places (New),medium,low,medium,medium,medium,"Mosley St, Manchester M2 3JL, UK",53.4786943,-2.2413604,4.6,11077,OPERATIONAL,art_gallery|tourist_attraction|art_museum|museum|point_of_interest|establishment
87,ChIJU7ssaImxe0gRjzSiygITk1M,The Whitworth,museum,museum,Oxford Rd,manchester,manchester,yes,unknown,yes,yes,yes,Imported from Google Places API (New),api,Google Places (New),medium,low,medium,medium,medium,"Oxford Rd, Manchester M15 6ER, UK",53.460269999999994,-2.2293448,4.5,2788,OPERATIONAL,art_museum|museum|point_of_interest|establishment
88,ChIJq_Eydkywe0gRKpXIQgyYyMo,"Museum of Transport, Greater Manchester",museum,museum,Boyle St,manchester,manchester,yes,unknown,yes,yes,yes,Imported from Google Places API (New),api,Google Places (New),medium,low,medium,medium,medium,"Boyle St, Cheetham Hill, Manchester M8 8UW, UK",53.503025,-2.233625,4.7,1396,OPERATIONAL,museum|tourist_attraction|point_of_interest|establishment
89,ChIJ3zffqsexe0gR046_1xVQceY,National Football Museum,museum,museum,Todd St,manchester,manchester,yes,unknown,yes,yes,yes,Imported from Google Places API (New),api,Google Places (New),medium,low,medium,medium,medium,"Todd St, Manchester M4 3BG, UK",53.48592980000001,-2.2421548,4.3,7521,OPERATIONAL,visitor_center|tourist_attraction|tourist_information_center|tour_agency|travel_agency|museum|store|service|point_of_interest|establishment
90,ChIJKfl7IG-ue0gROrQVjUo3ZvM,IWM North,museum,museum,The Quays,manchester,manchester,yes,unknown,yes,yes,yes,Imported from Google Places API (New),api,Google Places (New),medium,low,medium,medium,medium,"The Quays, Trafford Wharf Rd, Trafford Park, Stretford, Manchester M17 1TZ, UK",53.469735899999996,-2.2992211,4.5,8119,OPERATIONAL,history_museum|tourist_attraction|art_museum|tour_agency|travel_agency|museum|service|point_of_interest|establishment
91,ChIJ0ZcgooFdeUgRySLDlhP_x3A,The Cut & Craft Leeds,restaurant,restaurant,23 King Edward St,leeds,leeds,yes,unknown,yes,yes,unknown,Imported from Google Places API (New),api,Google Places (New),medium,low,medium,medium,low,"23 King Edward St, Leeds LS1 6AX, UK",53.7977869,-1.5407286,4.4,883,OPERATIONAL,restaurant|cocktail_bar|brunch_restaurant|steak_house|food|bar|point_of_interest|establishment
92,ChIJg3j3VD5deUgR-6JbO0o8iEU,La Piola Italian - Leeds,restaurant,restaurant,2 Park Square E,leeds,leeds,unknown,unknown,unknown,no,no,Imported from Google Places API (New),api,Google Places (New),low,low,low,medium,medium,"2 Park Square E, Leeds LS1 2NE, UK",53.7994111,-1.550634,4.9,726,OPERATIONAL,italian_restaurant|restaurant|food|point_of_interest|establishment
93,ChIJ313QbhxdeUgRjs9Yt7huBY4,Olive Tree Brasserie Leeds,restaurant,restaurant,8 S Parade,leeds,leeds,yes,unknown,yes,yes,unknown,Imported from Google Places API (New),api,Google Places (New),medium,low,medium,medium,low,"8 S Parade, Leeds LS1 5QX, UK",53.7991987,-1.5489313999999998,4.7,1386,OPERATIONAL,restaurant|food|point_of_interest|establishment
94,ChIJbYE4neldeUgR9czM4Mt8AoM,Flat Iron Leeds,restaurant,restaurant,9A Lands Ln,leeds,leeds,yes,unknown,yes,yes,unknown,Imported from Google Places API (New),api,Google Places (New),medium,low,medium,medium,low,"9A Lands Ln, Leeds LS1 6AW, UK",53.797964,-1.5437322,4.6,995,OPERATIONAL,steak_house|restaurant|food|point_of_interest|establishment
95,ChIJc3f6-BtceUgR8wHBxyeiTX0,Bill's Leeds Restaurant,cafe,restaurant,1 Albion Pl,leeds,leeds,yes,unknown,yes,yes,no,Imported from Google Places API (New),api,Google Places (New),medium,low,medium,medium,medium,"1 Albion Pl, Leeds LS1 6JL, UK",53.798014099999996,-1.5447693999999998,4.5,3948,OPERATIONAL,british_restaurant|breakfast_restaurant|hamburger_restaurant|cafe|american_restaurant|restaurant|food|point_of_interest|establishment
96,ChIJXfnZ2h1ceUgRvRIDYM6TPNE,Tattu Leeds,restaurant,restaurant,29 E Parade,leeds,leeds,yes,unknown,yes,yes,unknown,Imported from Google Places API (New),api,Google Places (New),medium,low,medium,medium,low,"29 E Parade, Leeds LS1 5PS, UK",53.798125000000006,-1.5490694,4.6,3406,OPERATIONAL,chinese_restaurant|restaurant|food|point_of_interest|establishment
97,ChIJSx9-ux9ceUgR6g9sAoZmPUk,LIVIN'ITALY,restaurant,restaurant,Granary Wharf,leeds,leeds,yes,unknown,yes,yes,yes,Imported from Google Places API (New),api,Google Places (New),medium,low,medium,medium,medium,"Granary Wharf, Wharf Approach, Leeds LS1 4BR, UK",53.7937551,-1.5489823999999999,4.6,3048,OPERATIONAL,italian_restaurant|pizza_restaurant|cocktail_bar|wine_bar|breakfast_restaurant|food_store|store|restaurant|food|bar|point_of_interest|establishment
98,ChIJJQRvLRpceUgR4FLa2GCwFMc,Fourth Floor Brasserie at Harvey Nichols Leeds,restaurant,restaurant,Harvey Nichols,leeds,leeds,yes,unknown,yes,yes,no,Imported from Google Places API (New),api,Google Places (New),medium,low,medium,medium,medium,"Harvey Nichols, 107-111 Briggate, Leeds LS1 6AZ, UK",53.798028699999996,-1.541869,4.5,429,OPERATIONAL,restaurant|food|bar|point_of_interest|establishment
99,ChIJ1QSzc0lfeUgRqkpXKbbZsm8,The Whitehall Restaurant & Bar,restaurant,restaurant,West Point,leeds,leeds,yes,unknown,yes,unknown,unknown,Imported from Google Places API (New),api,Google Places (New),medium,low,medium,low,low,"West Point, Whitehall Rd, Leeds LS1 4JY, UK",53.7955313,-1.5534838000000002,4.7,459,OPERATIONAL,restaurant|food|point_of_interest|establishment
100,ChIJ3_mX3vRdeUgRTEQ8Ex5iORc,OHANA Leeds Restaurant & Bar,restaurant,restaurant,10-11,leeds,leeds,yes,unknown,yes,unknown,unknown,Imported from Google Places API (New),api,Google Places (New),medium,low,medium,low,low,"10-11, Leeds LS1 6PG, UK",53.8002544,-1.5403782,4.8,153,OPERATIONAL,hawaiian_restaurant|cocktail_bar|japanese_restaurant|american_restaurant|restaurant|food|event_venue|bar|point_of_interest|establishment
101,ChIJC3tI1jRdeUgRLO4jkSH3Yz8,Raw Coffee Roasters,cafe,cafe,10 Mill Hill,leeds,leeds,unknown,unknown,unknown,unknown,unknown,Imported from Google Places API (New),api,Google Places (New),low,low,low,low,low,"10 Mill Hill, Leeds LS1 5DQ, UK",53.7951863,-1.54552,4.8,293,OPERATIONAL,coffee_shop|cafe|food_store|food|point_of_interest|store|establishment
102,ChIJhRH3KTldeUgRKiQsyR62Ne8,The Clubhouse Coffee Leeds,cafe,cafe,8a St Paul's St,leeds,leeds,yes,unknown,yes,yes,unknown,Imported from Google Places API (New),api,Google Places (New),medium,low,medium,medium,low,"8a St Paul's St, Leeds LS1 2LE, UK",53.7979889,-1.5500673999999999,4.7,128,OPERATIONAL,coffee_shop|sandwich_shop|wine_bar|bar|liquor_store|cafe|restaurant|food_store|food|point_of_interest|store|establishment
103,ChIJEdkwYh1ceUgRhIlMH18C1YY,The Union Coffee House,cafe,cafe,51 Great George St,leeds,leeds,yes,unknown,unknown,no,unknown,Imported from Google Places API (New),api,Google Places (New),medium,low,low,medium,low,"51 Great George St, Leeds LS1 3BB, UK",53.801038,-1.5515198,4.7,476,OPERATIONAL,coffee_shop|cafe|food_store|food|point_of_interest|store|establishment
104,ChIJiQLo0x5ceUgRYwxw7MPaGZ8,Laynes,cafe,cafe,16 New Station St,leeds,leeds,no,unknown,unknown,no,no,Imported from Google Places API (New),api,Google Places (New),medium,low,low,medium,medium,"16 New Station St, Leeds LS1 5DL, UK",53.795306599999996,-1.5450751,4.5,1965,OPERATIONAL,coffee_shop|brunch_restaurant|breakfast_restaurant|cafe|restaurant|food_store|food|point_of_interest|store|establishment
105,ChIJUdF3e1JdeUgR5TUdI3RUw5Y,Flamingos Coffee House,cafe,cafe,10 Central Arcade,leeds,leeds,yes,unknown,yes,yes,unknown,Imported from Google Places API (New),api,Google Places (New),medium,low,medium,medium,low,"10 Central Arcade, Leeds LS1 6DX, UK",53.796436899999996,-1.5418437,4.7,526,OPERATIONAL,coffee_shop|cafe|food_store|food|point_of_interest|store|establishment
106,ChIJ07YRoZVdeUgRNAhhqfZH8uE,Fluffy Fluffy Leeds,cafe,cafe,62 The Headrow,leeds,leeds,yes,unknown,yes,yes,unknown,Imported from Google Places API (New),api,Google Places (New),medium,low,medium,medium,low,"62 The Headrow, Leeds LS1 8EQ, UK",53.7996705,-1.5460169,4.5,842,OPERATIONAL,dessert_restaurant|cafe|restaurant|food|point_of_interest|establishment
107,ChIJK_OcUhpceUgRZ35ZCULBatE,Bella Cafè,cafe,cafe,12 New Briggate,leeds,leeds,yes,unknown,unknown,yes,unknown,Imported from Google Places API (New),api,Google Places (New),medium,low,low,medium,low,"12 New Briggate, Leeds LS1 6NU, UK",53.7993408,-1.5417579000000001,4.6,520,OPERATIONAL,coffee_shop|breakfast_restaurant|cafe|restaurant|food_store|food|point_of_interest|store|establishment
108,ChIJCX-3oh9ceUgRm5aBOApygKk,Out of the Woods,cafe,cafe,Waterman's Place,leeds,leeds,yes,unknown,unknown,yes,unknown,Imported from Google Places API (New),api,Google Places (New),medium,low,low,medium,low,"Waterman's Place, Granary Wharf, Leeds LS1 4GL, UK",53.7934841,-1.5486407,4.6,328,OPERATIONAL,coffee_shop|cafe|food_store|food|point_of_interest|store|establishment
109,ChIJK_5FRqFeeUgRH7OOAQp5PPQ,Sociable Folk,cafe,cafe,10 Wellington Pl,leeds,leeds,yes,unknown,unknown,yes,unknown,Imported from Google Places API (New),api,Google Places (New),medium,low,low,medium,low,"10 Wellington Pl, Leeds LS1 4JP, UK",53.7958692,-1.5558845,4.6,524,OPERATIONAL,cafe|coffee_shop|food_store|food|point_of_interest|store|establishment
110,ChIJoUT5qh1ceUgR-eInIECOPeM,Tiled Hall Café,cafe,cafe,16-18 The Headrow,leeds,leeds,yes,unknown,yes,yes,unknown,Imported from Google Places API (New),api,Google Places (New),medium,low,medium,medium,low,"16-18 The Headrow, Leeds LS1 3AA, UK",53.800031999999995,-1.5485423999999999,4.3,636,OPERATIONAL,cafe|food|point_of_interest|establishment
111,ChIJwdWI4RxceUgRFF7zMoxhXQE,Leeds City Museum,museum,museum,Millennium Square,leeds,leeds,yes,unknown,yes,unknown,no,Imported from Google Places API (New),api,Google Places (New),medium,low,medium,low,medium,"Millennium Square, Leeds LS2 8BH, UK",53.8015938,-1.5469284,4.4,4444,OPERATIONAL,museum|tourist_attraction|gift_shop|store|point_of_interest|establishment
112,ChIJ-_zcQ8NceUgRX2Owu4dJMLk,Leeds Discovery Centre,museum,museum,Carlisle Rd,leeds,leeds,yes,unknown,yes,unknown,yes,Imported from Google Places API (New),api,Google Places (New),medium,low,medium,low,medium,"Carlisle Rd, Leeds LS10 1LB, UK",53.7887495,-1.5309152,4.7,122,OPERATIONAL,museum|art_gallery|tourist_attraction|point_of_interest|establishment
113,ChIJVeA97j1ceUgR3teFoeoRAZM,Royal Armouries Museum,cafe,museum,Armouries Dr,leeds,leeds,yes,unknown,yes,yes,yes,Imported from Google Places API (New),api,Google Places (New),medium,low,medium,medium,medium,"Armouries Dr, Leeds LS10 1LT, UK",53.7917894,-1.5322334,4.7,14581,OPERATIONAL,tourist_attraction|history_museum|cafe|gift_shop|museum|store|event_venue|food|point_of_interest|establishment
114,ChIJl_7usNdYeUgRL7ZsKQpmlXE,Abbey House Museum,museum,museum,Abbey Walk,leeds,leeds,yes,unknown,yes,unknown,yes,Imported from Google Places API (New),api,Google Places (New),medium,low,medium,low,medium,"Abbey Walk, Abbey Rd, Kirkstall, Leeds LS5 3EH, UK",53.822170899999996,-1.6073532,4.6,828,OPERATIONAL,museum|tourist_attraction|point_of_interest|establishment
115,ChIJS12cMsZeeUgRs90tVkWAF78,Leeds Industrial Museum at Armley Mills,museum,museum,Canal Rd,leeds,leeds,yes,unknown,yes,unknown,yes,Imported from Google Places API (New),api,Google Places (New),medium,low,medium,low,medium,"Canal Rd, Armley, Leeds LS12 2QF, UK",53.802578,-1.5827103999999999,4.5,939,OPERATIONAL,museum|historical_landmark|tourist_attraction|historical_place|point_of_interest|establishment
116,ChIJS15oYHFceUgRdfbYGUhXJg8,Thackray Museum of Medicine,museum,museum,141 Beckett St,leeds,leeds,yes,unknown,yes,yes,yes,Imported from Google Places API (New),api,Google Places (New),medium,low,medium,medium,medium,"141 Beckett St, Harehills, Leeds LS9 7LN, UK",53.808216699999996,-1.518575,4.4,1740,OPERATIONAL,museum|tourist_attraction|point_of_interest|establishment
117,ChIJLT2I8s5deUgR90SpTPQOKKo,MathsCity,museum,museum,Zurich House,leeds,leeds,yes,unknown,yes,unknown,yes,Imported from Google Places API (New),api,Google Places (New),medium,low,medium,low,medium,"Zurich House, 4 Canal Wharf, Holbeck, Leeds LS11 5PS, UK",53.792494000000005,-1.549758,4.5,151,OPERATIONAL,museum|point_of_interest|establishment
118,ChIJV9k5bbVGeUgRAeA6hxRKyYU,Lotherton,museum,museum,Lotherton Hall,leeds,leeds,yes,unknown,yes,yes,yes,Imported from Google Places API (New),api,Google Places (New),medium,low,medium,medium,medium,"Lotherton Hall, Off Collier Ln, Lotherton Ln, Aberford, Leeds LS25 3EB, UK",53.818421699999995,-1.3184609,4.5,3735,OPERATIONAL,tourist_attraction|park|museum|point_of_interest|establishment
119,ChIJsVQgi65eeUgRsD-K4JVYAno,M&S Archive,museum,museum,University of,leeds,leeds,yes,unknown,yes,yes,yes,Imported from Google Places API (New),api,Google Places (New),medium,low,medium,medium,medium,"University of, Michael Marks Building, Woodhouse, Leeds LS2 9LP, UK",53.807189099999995,-1.5617869,4.5,154,OPERATIONAL,museum|tourist_attraction|point_of_interest|establishment
120,ChIJr7hqqpdYeUgRywgjAfwM7ko,Horsforth Village Museum,museum,museum,5 The Green,leeds,leeds,yes,unknown,yes,unknown,unknown,Imported from Google Places API (New),api,Google Places (New),medium,low,medium,low,low,"5 The Green, Horsforth, Leeds LS18 5JB, UK",53.836809699999996,-1.6429818999999999,4.4,30,OPERATIONAL,museum|tourist_attraction|point_of_interest|establishment
121,ChIJOXf5TB6NcUgRdW-eS7DU1Rs,MUSE Brasserie - Bristol,restaurant,restaurant,37-41 Prince St,bristol,bristol,yes,unknown,yes,yes,no,Imported from Google Places API (New),api,Google Places (New),medium,low,medium,medium,medium,"37-41 Prince St, Bristol BS1 4PS, UK",51.4504495,-2.5963417,4.8,439,OPERATIONAL,restaurant|food|point_of_interest|establishment
122,ChIJ-5z9AgCPcUgRhTmodaOZDdI,Cappadocia Restaurant Bristol,restaurant,restaurant,30-34 Baldwin St,bristol,bristol,yes,unknown,yes,yes,yes,Imported from Google Places API (New),api,Google Places (New),medium,low,medium,medium,medium,"30-34 Baldwin St, Bristol BS1 1NR, UK",51.4533055,-2.5944424,4.7,1785,OPERATIONAL,turkish_restaurant|cocktail_bar|mediterranean_restaurant|wine_bar|halal_restaurant|bar|restaurant|food|point_of_interest|establishment
123,ChIJQ7k75XiOcUgRNWKZAcqoqxs,The Granary Bristol – Restaurant & Bar,cafe,restaurant,32 Welsh Back,bristol,bristol,yes,unknown,yes,yes,yes,Imported from Google Places API (New),api,Google Places (New),medium,low,medium,medium,medium,"32 Welsh Back, Queen Square Ave, Bristol BS1 4SB, UK",51.451561,-2.5929263,4.5,323,OPERATIONAL,restaurant|cocktail_bar|tourist_attraction|historical_landmark|cafe|bar|historical_place|food|point_of_interest|establishment
124,ChIJ9xN_BXiOcUgR22O5_DhY6Vg,Cosy Club,restaurant,restaurant,31 Corn St,bristol,bristol,yes,unknown,yes,yes,no,Imported from Google Places API (New),api,Google Places (New),medium,low,medium,medium,medium,"31 Corn St, Bristol BS1 1HT, UK",51.4542454,-2.5951222,4.4,3737,OPERATIONAL,brunch_restaurant|breakfast_restaurant|bar|restaurant|food|point_of_interest|establishment
125,ChIJlyS2N3-OcUgRj74GvvkY3RI,Riverstation,restaurant,restaurant,The Grove,bristol,bristol,yes,unknown,yes,unknown,unknown,Imported from Google Places API (New),api,Google Places (New),medium,low,medium,low,low,"The Grove, Bristol BS1 4RB, UK",51.4491204,-2.5935224,4.3,1661,OPERATIONAL,pub|beer_garden|bar|restaurant|food|point_of_interest|establishment
126,ChIJE_XX2HiOcUgRjaDsgSbU2iE,Adelina Yard,restaurant,restaurant,Queen's Quay,bristol,bristol,yes,unknown,yes,yes,unknown,Imported from Google Places API (New),api,Google Places (New),medium,low,medium,medium,low,"Queen's Quay, Welsh Back, Bristol BS1 4SL, UK",51.450545299999995,-2.5924714,4.7,462,OPERATIONAL,restaurant|family_restaurant|fine_dining_restaurant|food|point_of_interest|establishment
127,ChIJYwiSHFGPcUgRhC6CpjlZOOs,Nadu,restaurant,restaurant,77-79 Stokes Croft,bristol,bristol,yes,unknown,yes,yes,no,Imported from Google Places API (New),api,Google Places (New),medium,low,medium,medium,medium,"77-79 Stokes Croft, Bristol BS1 3RD, UK",51.4629598,-2.5901245999999998,4.7,841,OPERATIONAL,restaurant|food|point_of_interest|establishment
128,ChIJAxqnq36OcUgRCD1mximi0Hs,Pasture,restaurant,restaurant,2 Portwall Ln,bristol,bristol,yes,unknown,yes,yes,unknown,Imported from Google Places API (New),api,Google Places (New),medium,low,medium,medium,low,"2 Portwall Ln, Redcliffe, Bristol BS1 6NB, UK",51.449526999999996,-2.5893829999999998,4.8,3630,OPERATIONAL,steak_house|cocktail_bar|live_music_venue|bar|event_venue|restaurant|food|point_of_interest|establishment
129,ChIJ8V6lM9aNcUgR0YvQ-aEtilU,Turtle Bay Bristol Broad Quay,restaurant,restaurant,8 Broad Quay,bristol,bristol,yes,unknown,yes,yes,no,Imported from Google Places API (New),api,Google Places (New),medium,low,medium,medium,medium,"8 Broad Quay, Bristol BS1 4DA, UK",51.4528752,-2.5968453,4.7,11666,OPERATIONAL,caribbean_restaurant|cocktail_bar|bar|restaurant|food|point_of_interest|establishment
130,ChIJo-Nf-hWBcUgRSIIRZ55ar4g,Taste of Napoli,cafe,restaurant,32 The Horsefair,bristol,bristol,yes,unknown,unknown,yes,unknown,Imported from Google Places API (New),api,Google Places (New),medium,low,low,medium,low,"32 The Horsefair, Broadmead, Bristol BS1 3HZ, UK",51.4581398,-2.5906992,4.7,1009,OPERATIONAL,italian_restaurant|cafeteria|sandwich_shop|breakfast_restaurant|cafe|dessert_shop|confectionery|grocery_store|food_store|pizza_restaurant|store|restaurant|food|point_of_interest|establishment
131,ChIJR91WtsmNcUgRDHHSWLg8gHw,Hatter House Cafe - Bristol,cafe,cafe,9 Clare St,bristol,bristol,unknown,unknown,unknown,yes,no,Imported from Google Places API (New),api,Google Places (New),low,low,low,medium,medium,"9 Clare St, Bristol BS1 1XH, UK",51.453831799999996,-2.5964937999999997,4.5,599,OPERATIONAL,cafe|food|point_of_interest|establishment
132,ChIJk2CiIhWPcUgR15teX3YEiqA,Dareshack,cafe,cafe,Vintry Building,bristol,bristol,yes,unknown,yes,yes,no,Imported from Google Places API (New),api,Google Places (New),medium,low,medium,medium,medium,"Vintry Building, 20 Wine St, Bristol BS1 2BD, UK",51.455562099999995,-2.5917003999999997,4.6,350,OPERATIONAL,coffee_shop|breakfast_restaurant|cake_shop|live_music_venue|cafe|bakery|food_store|manufacturer|event_venue|wholesaler|store|restaurant|food|point_of_interest|establishment
133,ChIJBe6QD3eOcUgRwAMspN1uoFo,Café Amore,cafe,cafe,14 Nelson St,bristol,bristol,yes,unknown,yes,yes,no,Imported from Google Places API (New),api,Google Places (New),medium,low,medium,medium,medium,"14 Nelson St, Bristol BS1 2LE, UK",51.4567074,-2.5920288,4.4,982,OPERATIONAL,cafe|breakfast_restaurant|restaurant|food|point_of_interest|establishment
134,ChIJffX0SHOOcUgRHU_XQmikBgE,The Bristolian,cafe,cafe,2 Picton St,bristol,bristol,yes,unknown,unknown,yes,no,Imported from Google Places API (New),api,Google Places (New),medium,low,low,medium,medium,"2 Picton St, Montpelier, Bristol BS6 5QA, UK",51.464853,-2.5891527,4.6,1765,OPERATIONAL,cafe|coffee_shop|breakfast_restaurant|food_store|store|restaurant|food|point_of_interest|establishment
135,ChIJCyLaH3iOcUgRd4FEQPiP4H0,Small Street Espresso,cafe,cafe,23 Small St,bristol,bristol,yes,unknown,unknown,unknown,no,Imported from Google Places API (New),api,Google Places (New),medium,low,low,low,medium,"23 Small St, Bristol BS1 1DW, UK",51.4548351,-2.594382,4.8,694,OPERATIONAL,coffee_shop|cafe|food_store|store|food|point_of_interest|establishment
136,ChIJ9Sy4QdaNcUgRJYFkiUTM9R8,Society Café,cafe,cafe,Farr's Ln,bristol,bristol,yes,unknown,yes,yes,no,Imported from Google Places API (New),api,Google Places (New),medium,low,medium,medium,medium,"Farr's Ln, Narrow Quay, Bristol BS1 4BB, UK",51.449956,-2.5972808,4.5,1151,OPERATIONAL,cafe|coffee_shop|breakfast_restaurant|tea_house|food_store|store|restaurant|food|point_of_interest|establishment
137,ChIJG9SNhneOcUgREJvGY2FYG4o,Full Court Press,cafe,cafe,59 Broad St,bristol,bristol,yes,unknown,unknown,yes,no,Imported from Google Places API (New),api,Google Places (New),medium,low,low,medium,medium,"59 Broad St, Bristol BS1 2EJ, UK",51.455116399999994,-2.5932029,4.8,810,OPERATIONAL,coffee_shop|cafe|food_store|store|food|point_of_interest|establishment
138,ChIJ7zGIRSeNcUgRtDzd-iLjdaE,Taste of Napoli,cafe,cafe,48 Park St,bristol,bristol,yes,unknown,unknown,unknown,unknown,Imported from Google Places API (New),api,Google Places (New),medium,low,low,low,low,"48 Park St, Bristol BS1 5JG, UK",51.454426399999996,-2.6024448,4.8,47,OPERATIONAL,restaurant|coffee_shop|ice_cream_shop|cafe|dessert_shop|confectionery|bar|food_store|pizza_restaurant|store|food|point_of_interest|establishment
139,ChIJVYaMt3aOcUgRfusftyVYLr0,Cafe Casa,cafe,cafe,6 St James Barton Roundabout,bristol,bristol,yes,unknown,unknown,unknown,unknown,Imported from Google Places API (New),api,Google Places (New),medium,low,low,low,low,"6 St James Barton Roundabout, Broadmead, Bristol BS1 3LT, UK",51.4589383,-2.5907503999999997,4.5,243,OPERATIONAL,cafe|food|point_of_interest|establishment
140,ChIJbx4F9dqNcUgRPkQr9Xr63z0,Bristol Museum & Art Gallery,cafe,museum,Queens Rd,bristol,bristol,yes,unknown,yes,yes,no,Imported from Google Places API (New),api,Google Places (New),medium,low,medium,medium,medium,"Queens Rd, Clifton, Bristol BS8 1RL, UK",51.456495399999994,-2.6050953,4.6,6739,OPERATIONAL,art_museum|gift_shop|tourist_attraction|cafe|art_gallery|museum|store|food|point_of_interest|establishment
141,ChIJZY7vrNeNcUgR9vKQJb0zzNQ,We The Curious,museum,museum,1 Millennium Square,bristol,bristol,yes,unknown,yes,unknown,yes,Imported from Google Places API (New),api,Google Places (New),medium,low,medium,low,medium,"1 Millennium Square, One Millennium Square, Anchor Rd, Bristol BS1 5DB, UK",51.4504841,-2.6001037,4.3,654,OPERATIONAL,planetarium|museum|association_or_organization|service|point_of_interest|establishment
142,ChIJb3DVWNaNcUgRRk5VYWIdf3Y,M Shed,cafe,museum,Princes Wharf,bristol,bristol,yes,unknown,yes,yes,yes,Imported from Google Places API (New),api,Google Places (New),medium,low,medium,medium,medium,"Princes Wharf, Wapping Rd, Bristol BS1 4RN, UK",51.4476479,-2.5982374999999998,4.5,6472,OPERATIONAL,museum|gift_shop|tourist_attraction|wedding_venue|cafe|event_venue|store|service|food|point_of_interest|establishment
143,ChIJw09dY5ORcUgRsmVRX6xuJgw,Aerospace Bristol,museum,museum,Hayes Way,bristol,bristol,yes,unknown,yes,yes,yes,Imported from Google Places API (New),api,Google Places (New),medium,low,medium,medium,medium,"Hayes Way, Patchway, Bristol BS34 5BZ, UK",51.5232599,-2.5781513,4.7,5532,OPERATIONAL,museum|tourist_attraction|point_of_interest|establishment
144,ChIJVRX-bQaPcUgRgGsDEU--3FQ,Wake The Tiger,museum,museum,Wake The Tiger,bristol,bristol,yes,unknown,yes,yes,yes,Imported from Google Places API (New),api,Google Places (New),medium,low,medium,medium,medium,"Wake The Tiger, 127 Albert Rd, Bristol BS2 0YA, UK",51.445600999999996,-2.5662171,4.6,4633,OPERATIONAL,tourist_attraction|art_museum|event_venue|museum|point_of_interest|establishment
145,ChIJn2Zr4riNcUgR_aJml090EUs,Clifton Observatory,cafe,museum,Litfield Place,bristol,bristol,yes,unknown,yes,yes,no,Imported from Google Places API (New),api,Google Places (New),medium,low,medium,medium,medium,"Litfield Place, Clifton, Bristol BS8 3LT, UK",51.456637199999996,-2.6265264000000004,4.6,1896,OPERATIONAL,event_venue|tourist_attraction|wedding_venue|cafe|museum|service|food|point_of_interest|establishment
146,ChIJe4lldrCNcUgR6czC5elCqMM,Clifton Suspension Bridge Museum,museum,museum,Bridge Rd,bristol,bristol,yes,unknown,yes,no,no,Imported from Google Places API (New),api,Google Places (New),medium,low,medium,medium,medium,"Bridge Rd, Leigh Woods, Bristol BS8 3PA, UK",51.4538802,-2.6307547,4.7,444,OPERATIONAL,museum|visitor_center|tourist_attraction|tourist_information_center|tour_agency|travel_agency|service|point_of_interest|establishment
147,ChIJP1GO7neOcUgR1hpBYH3auKc,Palestine Museum & Cultural Centre,museum,museum,27 Broad St,bristol,bristol,unknown,unknown,unknown,unknown,no,Imported from Google Places API (New),api,Google Places (New),low,low,low,low,medium,"27 Broad St, Bristol BS1 2HG, UK",51.455688599999995,-2.5947703,4.4,248,OPERATIONAL,history_museum|tourist_attraction|museum|point_of_interest|establishment
148,ChIJM0umW9SNcUgRJQyPQYpK7Ik,Museum Square,museum,museum,Museum St,bristol,bristol,yes,unknown,yes,unknown,unknown,Imported from Google Places API (New),api,Google Places (New),medium,low,medium,low,low,"Museum St, Bristol BS1 4RN, UK",51.4473385,-2.5992935999999998,4.7,37,OPERATIONAL,museum|point_of_interest|establishment
149,ChIJQzA9982NcUgRIy3typGO_BU,Brunel's SS Great Britain,museum,museum,Great Western Dockyard,bristol,bristol,yes,unknown,yes,yes,yes,Imported from Google Places API (New),api,Google Places (New),medium,low,medium,medium,medium,"Great Western Dockyard, Gas Ferry Rd, Bristol BS1 6TY, UK",51.449171199999995,-2.6084058,4.8,10080,OPERATIONAL,tourist_attraction|wedding_venue|event_venue|museum|service|point_of_interest|establishment
